Name,#,Type 1,Type 2,Total,HP,Attack,Defense,Sp. Atk,Sp. Def,Speed,Generation,Legendary
Bulbasaur,1,Grass,Poison,318,45,49,49,65,65,45,1,False
Ivysaur,2,Grass,Poison,405,60,62,63,80,80,60,1,False
Venusaur,3,Grass,Poison,525,80,82,83,100,100,80,1,False
VenusaurMega Venusaur,3,Grass,Poison,625,80,100,123,122,120,80,1,False
Charmander,4,Fire,,309,39,52,43,60,50,65,1,False
Charmeleon,5,Fire,,405,58,64,58,80,65,80,1,False
Charizard,6,Fire,Flying,534,78,84,78,109,85,100,1,False
CharizardMega Charizard X,6,Fire,Dragon,634,78,130,111,130,85,100,1,False
CharizardMega Charizard Y,6,Fire,Flying,634,78,104,78,159,115,100,1,False
Squirtle,7,Water,,314,44,48,65,50,64,43,1,False
Wartortle,8,Water,,405,59,63,80,65,80,58,1,False
Blastoise,9,Water,,530,79,83,100,85,105,78,1,False
BlastoiseMega Blastoise,9,Water,,630,79,103,120,135,115,78,1,False
Caterpie,10,Bug,,195,45,30,35,20,20,45,1,False
Metapod,11,Bug,,205,50,20,55,25,25,30,1,False
Butterfree,12,Bug,Flying,395,60,45,50,90,80,70,1,False
Weedle,13,Bug,Poison,195,40,35,30,20,20,50,1,False
Kakuna,14,Bug,Poison,205,45,25,50,25,25,35,1,False
Beedrill,15,Bug,Poison,395,65,90,40,45,80,75,1,False
BeedrillMega Beedrill,15,Bug,Poison,495,65,150,40,15,80,145,1,False
Pidgey,16,Normal,Flying,251,40,45,40,35,35,56,1,False
Pidgeotto,17,Normal,Flying,349,63,60,55,50,50,71,1,False
Pidgeot,18,Normal,Flying,479,83,80,75,70,70,101,1,False
PidgeotMega Pidgeot,18,Normal,Flying,579,83,80,80,135,80,121,1,False
Rattata,19,Normal,,253,30,56,35,25,35,72,1,False
Raticate,20,Normal,,413,55,81,60,50,70,97,1,False
Spearow,21,Normal,Flying,262,40,60,30,31,31,70,1,False
Fearow,22,Normal,Flying,442,65,90,65,61,61,100,1,False
Ekans,23,Poison,,288,35,60,44,40,54,55,1,False
Arbok,24,Poison,,438,60,85,69,65,79,80,1,False
Pikachu,25,Electric,,320,35,55,40,50,50,90,1,False
Raichu,26,Electric,,485,60,90,55,90,80,110,1,False
Sandshrew,27,Ground,,300,50,75,85,20,30,40,1,False
Sandslash,28,Ground,,450,75,100,110,45,55,65,1,False
Nidoran♀,29,Poison,,275,55,47,52,40,40,41,1,False
Nidorina,30,Poison,,365,70,62,67,55,55,56,1,False
Nidoqueen,31,Poison,Ground,505,90,92,87,75,85,76,1,False
Nidoran♂,32,Poison,,273,46,57,40,40,40,50,1,False
Nidorino,33,Poison,,365,61,72,57,55,55,65,1,False
Nidoking,34,Poison,Ground,505,81,102,77,85,75,85,1,False
Clefairy,35,Fairy,,323,70,45,48,60,65,35,1,False
Clefable,36,Fairy,,483,95,70,73,95,90,60,1,False
Vulpix,37,Fire,,299,38,41,40,50,65,65,1,False
Ninetales,38,Fire,,505,73,76,75,81,100,100,1,False
Jigglypuff,39,Normal,Fairy,270,115,45,20,45,25,20,1,False
Wigglytuff,40,Normal,Fairy,435,140,70,45,85,50,45,1,False
Zubat,41,Poison,Flying,245,40,45,35,30,40,55,1,False
Golbat,42,Poison,Flying,455,75,80,70,65,75,90,1,False
Oddish,43,Grass,Poison,320,45,50,55,75,65,30,1,False
Gloom,44,Grass,Poison,395,60,65,70,85,75,40,1,False
Vileplume,45,Grass,Poison,490,75,80,85,110,90,50,1,False
Paras,46,Bug,Grass,285,35,70,55,45,55,25,1,False
Parasect,47,Bug,Grass,405,60,95,80,60,80,30,1,False
Venonat,48,Bug,Poison,305,60,55,50,40,55,45,1,False
Venomoth,49,Bug,Poison,450,70,65,60,90,75,90,1,False
Diglett,50,Ground,,265,10,55,25,35,45,95,1,False
Dugtrio,51,Ground,,405,35,80,50,50,70,120,1,False
Meowth,52,Normal,,290,40,45,35,40,40,90,1,False
Persian,53,Normal,,440,65,70,60,65,65,115,1,False
Psyduck,54,Water,,320,50,52,48,65,50,55,1,False
Golduck,55,Water,,500,80,82,78,95,80,85,1,False
Mankey,56,Fighting,,305,40,80,35,35,45,70,1,False
Primeape,57,Fighting,,455,65,105,60,60,70,95,1,False
Growlithe,58,Fire,,350,55,70,45,70,50,60,1,False
Arcanine,59,Fire,,555,90,110,80,100,80,95,1,False
Poliwag,60,Water,,300,40,50,40,40,40,90,1,False
Poliwhirl,61,Water,,385,65,65,65,50,50,90,1,False
Poliwrath,62,Water,Fighting,510,90,95,95,70,90,70,1,False
Abra,63,Psychic,,310,25,20,15,105,55,90,1,False
Kadabra,64,Psychic,,400,40,35,30,120,70,105,1,False
Alakazam,65,Psychic,,500,55,50,45,135,95,120,1,False
AlakazamMega Alakazam,65,Psychic,,590,55,50,65,175,95,150,1,False
Machop,66,Fighting,,305,70,80,50,35,35,35,1,False
Machoke,67,Fighting,,405,80,100,70,50,60,45,1,False
Machamp,68,Fighting,,505,90,130,80,65,85,55,1,False
Bellsprout,69,Grass,Poison,300,50,75,35,70,30,40,1,False
Weepinbell,70,Grass,Poison,390,65,90,50,85,45,55,1,False
Victreebel,71,Grass,Poison,490,80,105,65,100,70,70,1,False
Tentacool,72,Water,Poison,335,40,40,35,50,100,70,1,False
Tentacruel,73,Water,Poison,515,80,70,65,80,120,100,1,False
Geodude,74,Rock,Ground,300,40,80,100,30,30,20,1,False
Graveler,75,Rock,Ground,390,55,95,115,45,45,35,1,False
Golem,76,Rock,Ground,495,80,120,130,55,65,45,1,False
Ponyta,77,Fire,,410,50,85,55,65,65,90,1,False
Rapidash,78,Fire,,500,65,100,70,80,80,105,1,False
Slowpoke,79,Water,Psychic,315,90,65,65,40,40,15,1,False
Slowbro,80,Water,Psychic,490,95,75,110,100,80,30,1,False
SlowbroMega Slowbro,80,Water,Psychic,590,95,75,180,130,80,30,1,False
Magnemite,81,Electric,Steel,325,25,35,70,95,55,45,1,False
Magneton,82,Electric,Steel,465,50,60,95,120,70,70,1,False
Farfetch'd,83,Normal,Flying,352,52,65,55,58,62,60,1,False
Doduo,84,Normal,Flying,310,35,85,45,35,35,75,1,False
Dodrio,85,Normal,Flying,460,60,110,70,60,60,100,1,False
Seel,86,Water,,325,65,45,55,45,70,45,1,False
Dewgong,87,Water,Ice,475,90,70,80,70,95,70,1,False
Grimer,88,Poison,,325,80,80,50,40,50,25,1,False
Muk,89,Poison,,500,105,105,75,65,100,50,1,False
Shellder,90,Water,,305,30,65,100,45,25,40,1,False
Cloyster,91,Water,Ice,525,50,95,180,85,45,70,1,False
Gastly,92,Ghost,Poison,310,30,35,30,100,35,80,1,False
Haunter,93,Ghost,Poison,405,45,50,45,115,55,95,1,False
Gengar,94,Ghost,Poison,500,60,65,60,130,75,110,1,False
GengarMega Gengar,94,Ghost,Poison,600,60,65,80,170,95,130,1,False
Onix,95,Rock,Ground,385,35,45,160,30,45,70,1,False
Drowzee,96,Psychic,,328,60,48,45,43,90,42,1,False
Hypno,97,Psychic,,483,85,73,70,73,115,67,1,False
Krabby,98,Water,,325,30,105,90,25,25,50,1,False
Kingler,99,Water,,475,55,130,115,50,50,75,1,False
Voltorb,100,Electric,,330,40,30,50,55,55,100,1,False
Electrode,101,Electric,,480,60,50,70,80,80,140,1,False
Exeggcute,102,Grass,Psychic,325,60,40,80,60,45,40,1,False
Exeggutor,103,Grass,Psychic,520,95,95,85,125,65,55,1,False
Cubone,104,Ground,,320,50,50,95,40,50,35,1,False
Marowak,105,Ground,,425,60,80,110,50,80,45,1,False
Hitmonlee,106,Fighting,,455,50,120,53,35,110,87,1,False
Hitmonchan,107,Fighting,,455,50,105,79,35,110,76,1,False
Lickitung,108,Normal,,385,90,55,75,60,75,30,1,False
Koffing,109,Poison,,340,40,65,95,60,45,35,1,False
Weezing,110,Poison,,490,65,90,120,85,70,60,1,False
Rhyhorn,111,Ground,Rock,345,80,85,95,30,30,25,1,False
Rhydon,112,Ground,Rock,485,105,130,120,45,45,40,1,False
Chansey,113,Normal,,450,250,5,5,35,105,50,1,False
Tangela,114,Grass,,435,65,55,115,100,40,60,1,False
Kangaskhan,115,Normal,,490,105,95,80,40,80,90,1,False
KangaskhanMega Kangaskhan,115,Normal,,590,105,125,100,60,100,100,1,False
Horsea,116,Water,,295,30,40,70,70,25,60,1,False
Seadra,117,Water,,440,55,65,95,95,45,85,1,False
Goldeen,118,Water,,320,45,67,60,35,50,63,1,False
Seaking,119,Water,,450,80,92,65,65,80,68,1,False
Staryu,120,Water,,340,30,45,55,70,55,85,1,False
Starmie,121,Water,Psychic,520,60,75,85,100,85,115,1,False
Mr. Mime,122,Psychic,Fairy,460,40,45,65,100,120,90,1,False
Scyther,123,Bug,Flying,500,70,110,80,55,80,105,1,False
Jynx,124,Ice,Psychic,455,65,50,35,115,95,95,1,False
Electabuzz,125,Electric,,490,65,83,57,95,85,105,1,False
Magmar,126,Fire,,495,65,95,57,100,85,93,1,False
Pinsir,127,Bug,,500,65,125,100,55,70,85,1,False
PinsirMega Pinsir,127,Bug,Flying,600,65,155,120,65,90,105,1,False
Tauros,128,Normal,,490,75,100,95,40,70,110,1,False
Magikarp,129,Water,,200,20,10,55,15,20,80,1,False
Gyarados,130,Water,Flying,540,95,125,79,60,100,81,1,False
GyaradosMega Gyarados,130,Water,Dark,640,95,155,109,70,130,81,1,False
Lapras,131,Water,Ice,535,130,85,80,85,95,60,1,False
Ditto,132,Normal,,288,48,48,48,48,48,48,1,False
Eevee,133,Normal,,325,55,55,50,45,65,55,1,False
Vaporeon,134,Water,,525,130,65,60,110,95,65,1,False
Jolteon,135,Electric,,525,65,65,60,110,95,130,1,False
Flareon,136,Fire,,525,65,130,60,95,110,65,1,False
Porygon,137,Normal,,395,65,60,70,85,75,40,1,False
Omanyte,138,Rock,Water,355,35,40,100,90,55,35,1,False
Omastar,139,Rock,Water,495,70,60,125,115,70,55,1,False
Kabuto,140,Rock,Water,355,30,80,90,55,45,55,1,False
Kabutops,141,Rock,Water,495,60,115,105,65,70,80,1,False
Aerodactyl,142,Rock,Flying,515,80,105,65,60,75,130,1,False
AerodactylMega Aerodactyl,142,Rock,Flying,615,80,135,85,70,95,150,1,False
Snorlax,143,Normal,,540,160,110,65,65,110,30,1,False
Articuno,144,Ice,Flying,580,90,85,100,95,125,85,1,True
Zapdos,145,Electric,Flying,580,90,90,85,125,90,100,1,True
Moltres,146,Fire,Flying,580,90,100,90,125,85,90,1,True
Dratini,147,Dragon,,300,41,64,45,50,50,50,1,False
Dragonair,148,Dragon,,420,61,84,65,70,70,70,1,False
Dragonite,149,Dragon,Flying,600,91,134,95,100,100,80,1,False
Mewtwo,150,Psychic,,680,106,110,90,154,90,130,1,True
MewtwoMega Mewtwo X,150,Psychic,Fighting,780,106,190,100,154,100,130,1,True
MewtwoMega Mewtwo Y,150,Psychic,,780,106,150,70,194,120,140,1,True
Mew,151,Psychic,,600,100,100,100,100,100,100,1,False
Chikorita,152,Grass,,318,45,49,65,49,65,45,2,False
Bayleef,153,Grass,,405,60,62,80,63,80,60,2,False
Meganium,154,Grass,,525,80,82,100,83,100,80,2,False
Cyndaquil,155,Fire,,309,39,52,43,60,50,65,2,False
Quilava,156,Fire,,405,58,64,58,80,65,80,2,False
Typhlosion,157,Fire,,534,78,84,78,109,85,100,2,False
Totodile,158,Water,,314,50,65,64,44,48,43,2,False
Croconaw,159,Water,,405,65,80,80,59,63,58,2,False
Feraligatr,160,Water,,530,85,105,100,79,83,78,2,False
Sentret,161,Normal,,215,35,46,34,35,45,20,2,False
Furret,162,Normal,,415,85,76,64,45,55,90,2,False
Hoothoot,163,Normal,Flying,262,60,30,30,36,56,50,2,False
Noctowl,164,Normal,Flying,442,100,50,50,76,96,70,2,False
Ledyba,165,Bug,Flying,265,40,20,30,40,80,55,2,False
Ledian,166,Bug,Flying,390,55,35,50,55,110,85,2,False
Spinarak,167,Bug,Poison,250,40,60,40,40,40,30,2,False
Ariados,168,Bug,Poison,390,70,90,70,60,60,40,2,False
Crobat,169,Poison,Flying,535,85,90,80,70,80,130,2,False
Chinchou,170,Water,Electric,330,75,38,38,56,56,67,2,False
Lanturn,171,Water,Electric,460,125,58,58,76,76,67,2,False
Pichu,172,Electric,,205,20,40,15,35,35,60,2,False
Cleffa,173,Fairy,,218,50,25,28,45,55,15,2,False
Igglybuff,174,Normal,Fairy,210,90,30,15,40,20,15,2,False
Togepi,175,Fairy,,245,35,20,65,40,65,20,2,False
Togetic,176,Fairy,Flying,405,55,40,85,80,105,40,2,False
Natu,177,Psychic,Flying,320,40,50,45,70,45,70,2,False
Xatu,178,Psychic,Flying,470,65,75,70,95,70,95,2,False
Mareep,179,Electric,,280,55,40,40,65,45,35,2,False
Flaaffy,180,Electric,,365,70,55,55,80,60,45,2,False
Ampharos,181,Electric,,510,90,75,85,115,90,55,2,False
AmpharosMega Ampharos,181,Electric,Dragon,610,90,95,105,165,110,45,2,False
Bellossom,182,Grass,,490,75,80,95,90,100,50,2,False
Marill,183,Water,Fairy,250,70,20,50,20,50,40,2,False
Azumarill,184,Water,Fairy,420,100,50,80,60,80,50,2,False
Sudowoodo,185,Rock,,410,70,100,115,30,65,30,2,False
Politoed,186,Water,,500,90,75,75,90,100,70,2,False
Hoppip,187,Grass,Flying,250,35,35,40,35,55,50,2,False
Skiploom,188,Grass,Flying,340,55,45,50,45,65,80,2,False
Jumpluff,189,Grass,Flying,460,75,55,70,55,95,110,2,False
Aipom,190,Normal,,360,55,70,55,40,55,85,2,False
Sunkern,191,Grass,,180,30,30,30,30,30,30,2,False
Sunflora,192,Grass,,425,75,75,55,105,85,30,2,False
Yanma,193,Bug,Flying,390,65,65,45,75,45,95,2,False
Wooper,194,Water,Ground,210,55,45,45,25,25,15,2,False
Quagsire,195,Water,Ground,430,95,85,85,65,65,35,2,False
Espeon,196,Psychic,,525,65,65,60,130,95,110,2,False
Umbreon,197,Dark,,525,95,65,110,60,130,65,2,False
Murkrow,198,Dark,Flying,405,60,85,42,85,42,91,2,False
Slowking,199,Water,Psychic,490,95,75,80,100,110,30,2,False
Misdreavus,200,Ghost,,435,60,60,60,85,85,85,2,False
Unown,201,Psychic,,336,48,72,48,72,48,48,2,False
Wobbuffet,202,Psychic,,405,190,33,58,33,58,33,2,False
Girafarig,203,Normal,Psychic,455,70,80,65,90,65,85,2,False
Pineco,204,Bug,,290,50,65,90,35,35,15,2,False
Forretress,205,Bug,Steel,465,75,90,140,60,60,40,2,False
Dunsparce,206,Normal,,415,100,70,70,65,65,45,2,False
Gligar,207,Ground,Flying,430,65,75,105,35,65,85,2,False
Steelix,208,Steel,Ground,510,75,85,200,55,65,30,2,False
SteelixMega Steelix,208,Steel,Ground,610,75,125,230,55,95,30,2,False
Snubbull,209,Fairy,,300,60,80,50,40,40,30,2,False
Granbull,210,Fairy,,450,90,120,75,60,60,45,2,False
Qwilfish,211,Water,Poison,430,65,95,75,55,55,85,2,False
Scizor,212,Bug,Steel,500,70,130,100,55,80,65,2,False
ScizorMega Scizor,212,Bug,Steel,600,70,150,140,65,100,75,2,False
Shuckle,213,Bug,Rock,505,20,10,230,10,230,5,2,False
Heracross,214,Bug,Fighting,500,80,125,75,40,95,85,2,False
HeracrossMega Heracross,214,Bug,Fighting,600,80,185,115,40,105,75,2,False
Sneasel,215,Dark,Ice,430,55,95,55,35,75,115,2,False
Teddiursa,216,Normal,,330,60,80,50,50,50,40,2,False
Ursaring,217,Normal,,500,90,130,75,75,75,55,2,False
Slugma,218,Fire,,250,40,40,40,70,40,20,2,False
Magcargo,219,Fire,Rock,410,50,50,120,80,80,30,2,False
Swinub,220,Ice,Ground,250,50,50,40,30,30,50,2,False
Piloswine,221,Ice,Ground,450,100,100,80,60,60,50,2,False
Corsola,222,Water,Rock,380,55,55,85,65,85,35,2,False
Remoraid,223,Water,,300,35,65,35,65,35,65,2,False
Octillery,224,Water,,480,75,105,75,105,75,45,2,False
Delibird,225,Ice,Flying,330,45,55,45,65,45,75,2,False
Mantine,226,Water,Flying,465,65,40,70,80,140,70,2,False
Skarmory,227,Steel,Flying,465,65,80,140,40,70,70,2,False
Houndour,228,Dark,Fire,330,45,60,30,80,50,65,2,False
Houndoom,229,Dark,Fire,500,75,90,50,110,80,95,2,False
HoundoomMega Houndoom,229,Dark,Fire,600,75,90,90,140,90,115,2,False
Kingdra,230,Water,Dragon,540,75,95,95,95,95,85,2,False
Phanpy,231,Ground,,330,90,60,60,40,40,40,2,False
Donphan,232,Ground,,500,90,120,120,60,60,50,2,False
Porygon2,233,Normal,,515,85,80,90,105,95,60,2,False
Stantler,234,Normal,,465,73,95,62,85,65,85,2,False
Smeargle,235,Normal,,250,55,20,35,20,45,75,2,False
Tyrogue,236,Fighting,,210,35,35,35,35,35,35,2,False
Hitmontop,237,Fighting,,455,50,95,95,35,110,70,2,False
Smoochum,238,Ice,Psychic,305,45,30,15,85,65,65,2,False
Elekid,239,Electric,,360,45,63,37,65,55,95,2,False
Magby,240,Fire,,365,45,75,37,70,55,83,2,False
Miltank,241,Normal,,490,95,80,105,40,70,100,2,False
Blissey,242,Normal,,540,255,10,10,75,135,55,2,False
Raikou,243,Electric,,580,90,85,75,115,100,115,2,True
Entei,244,Fire,,580,115,115,85,90,75,100,2,True
Suicune,245,Water,,580,100,75,115,90,115,85,2,True
Larvitar,246,Rock,Ground,300,50,64,50,45,50,41,2,False
Pupitar,247,Rock,Ground,410,70,84,70,65,70,51,2,False
Tyranitar,248,Rock,Dark,600,100,134,110,95,100,61,2,False
TyranitarMega Tyranitar,248,Rock,Dark,700,100,164,150,95,120,71,2,False
Lugia,249,Psychic,Flying,680,106,90,130,90,154,110,2,True
Ho-oh,250,Fire,Flying,680,106,130,90,110,154,90,2,True
Celebi,251,Psychic,Grass,600,100,100,100,100,100,100,2,False
Treecko,252,Grass,,310,40,45,35,65,55,70,3,False
Grovyle,253,Grass,,405,50,65,45,85,65,95,3,False
Sceptile,254,Grass,,530,70,85,65,105,85,120,3,False
SceptileMega Sceptile,254,Grass,Dragon,630,70,110,75,145,85,145,3,False
Torchic,255,Fire,,310,45,60,40,70,50,45,3,False
Combusken,256,Fire,Fighting,405,60,85,60,85,60,55,3,False
Blaziken,257,Fire,Fighting,530,80,120,70,110,70,80,3,False
BlazikenMega Blaziken,257,Fire,Fighting,630,80,160,80,130,80,100,3,False
Mudkip,258,Water,,310,50,70,50,50,50,40,3,False
Marshtomp,259,Water,Ground,405,70,85,70,60,70,50,3,False
Swampert,260,Water,Ground,535,100,110,90,85,90,60,3,False
SwampertMega Swampert,260,Water,Ground,635,100,150,110,95,110,70,3,False
Poochyena,261,Dark,,220,35,55,35,30,30,35,3,False
Mightyena,262,Dark,,420,70,90,70,60,60,70,3,False
Zigzagoon,263,Normal,,240,38,30,41,30,41,60,3,False
Linoone,264,Normal,,420,78,70,61,50,61,100,3,False
Wurmple,265,Bug,,195,45,45,35,20,30,20,3,False
Silcoon,266,Bug,,205,50,35,55,25,25,15,3,False
Beautifly,267,Bug,Flying,395,60,70,50,100,50,65,3,False
Cascoon,268,Bug,,205,50,35,55,25,25,15,3,False
Dustox,269,Bug,Poison,385,60,50,70,50,90,65,3,False
Lotad,270,Water,Grass,220,40,30,30,40,50,30,3,False
Lombre,271,Water,Grass,340,60,50,50,60,70,50,3,False
Ludicolo,272,Water,Grass,480,80,70,70,90,100,70,3,False
Seedot,273,Grass,,220,40,40,50,30,30,30,3,False
Nuzleaf,274,Grass,Dark,340,70,70,40,60,40,60,3,False
Shiftry,275,Grass,Dark,480,90,100,60,90,60,80,3,False
Taillow,276,Normal,Flying,270,40,55,30,30,30,85,3,False
Swellow,277,Normal,Flying,430,60,85,60,50,50,125,3,False
Wingull,278,Water,Flying,270,40,30,30,55,30,85,3,False
Pelipper,279,Water,Flying,430,60,50,100,85,70,65,3,False
Ralts,280,Psychic,Fairy,198,28,25,25,45,35,40,3,False
Kirlia,281,Psychic,Fairy,278,38,35,35,65,55,50,3,False
Gardevoir,282,Psychic,Fairy,518,68,65,65,125,115,80,3,False
GardevoirMega Gardevoir,282,Psychic,Fairy,618,68,85,65,165,135,100,3,False
Surskit,283,Bug,Water,269,40,30,32,50,52,65,3,False
Masquerain,284,Bug,Flying,414,70,60,62,80,82,60,3,False
Shroomish,285,Grass,,295,60,40,60,40,60,35,3,False
Breloom,286,Grass,Fighting,460,60,130,80,60,60,70,3,False
Slakoth,287,Normal,,280,60,60,60,35,35,30,3,False
Vigoroth,288,Normal,,440,80,80,80,55,55,90,3,False
Slaking,289,Normal,,670,150,160,100,95,65,100,3,False
Nincada,290,Bug,Ground,266,31,45,90,30,30,40,3,False
Ninjask,291,Bug,Flying,456,61,90,45,50,50,160,3,False
Shedinja,292,Bug,Ghost,236,1,90,45,30,30,40,3,False
Whismur,293,Normal,,240,64,51,23,51,23,28,3,False
Loudred,294,Normal,,360,84,71,43,71,43,48,3,False
Exploud,295,Normal,,490,104,91,63,91,73,68,3,False
Makuhita,296,Fighting,,237,72,60,30,20,30,25,3,False
Hariyama,297,Fighting,,474,144,120,60,40,60,50,3,False
Azurill,298,Normal,Fairy,190,50,20,40,20,40,20,3,False
Nosepass,299,Rock,,375,30,45,135,45,90,30,3,False
Skitty,300,Normal,,260,50,45,45,35,35,50,3,False
Delcatty,301,Normal,,380,70,65,65,55,55,70,3,False
Sableye,302,Dark,Ghost,380,50,75,75,65,65,50,3,False
SableyeMega Sableye,302,Dark,Ghost,480,50,85,125,85,115,20,3,False
Mawile,303,Steel,Fairy,380,50,85,85,55,55,50,3,False
MawileMega Mawile,303,Steel,Fairy,480,50,105,125,55,95,50,3,False
Aron,304,Steel,Rock,330,50,70,100,40,40,30,3,False
Lairon,305,Steel,Rock,430,60,90,140,50,50,40,3,False
Aggron,306,Steel,Rock,530,70,110,180,60,60,50,3,False
AggronMega Aggron,306,Steel,,630,70,140,230,60,80,50,3,False
Meditite,307,Fighting,Psychic,280,30,40,55,40,55,60,3,False
Medicham,308,Fighting,Psychic,410,60,60,75,60,75,80,3,False
MedichamMega Medicham,308,Fighting,Psychic,510,60,100,85,80,85,100,3,False
Electrike,309,Electric,,295,40,45,40,65,40,65,3,False
Manectric,310,Electric,,475,70,75,60,105,60,105,3,False
ManectricMega Manectric,310,Electric,,575,70,75,80,135,80,135,3,False
Plusle,311,Electric,,405,60,50,40,85,75,95,3,False
Minun,312,Electric,,405,60,40,50,75,85,95,3,False
Volbeat,313,Bug,,400,65,73,55,47,75,85,3,False
Illumise,314,Bug,,400,65,47,55,73,75,85,3,False
Roselia,315,Grass,Poison,400,50,60,45,100,80,65,3,False
Gulpin,316,Poison,,302,70,43,53,43,53,40,3,False
Swalot,317,Poison,,467,100,73,83,73,83,55,3,False
Carvanha,318,Water,Dark,305,45,90,20,65,20,65,3,False
Sharpedo,319,Water,Dark,460,70,120,40,95,40,95,3,False
SharpedoMega Sharpedo,319,Water,Dark,560,70,140,70,110,65,105,3,False
Wailmer,320,Water,,400,130,70,35,70,35,60,3,False
Wailord,321,Water,,500,170,90,45,90,45,60,3,False
Numel,322,Fire,Ground,305,60,60,40,65,45,35,3,False
Camerupt,323,Fire,Ground,460,70,100,70,105,75,40,3,False
CameruptMega Camerupt,323,Fire,Ground,560,70,120,100,145,105,20,3,False
Torkoal,324,Fire,,470,70,85,140,85,70,20,3,False
Spoink,325,Psychic,,330,60,25,35,70,80,60,3,False
Grumpig,326,Psychic,,470,80,45,65,90,110,80,3,False
Spinda,327,Normal,,360,60,60,60,60,60,60,3,False
Trapinch,328,Ground,,290,45,100,45,45,45,10,3,False
Vibrava,329,Ground,Dragon,340,50,70,50,50,50,70,3,False
Flygon,330,Ground,Dragon,520,80,100,80,80,80,100,3,False
Cacnea,331,Grass,,335,50,85,40,85,40,35,3,False
Cacturne,332,Grass,Dark,475,70,115,60,115,60,55,3,False
Swablu,333,Normal,Flying,310,45,40,60,40,75,50,3,False
Altaria,334,Dragon,Flying,490,75,70,90,70,105,80,3,False
AltariaMega Altaria,334,Dragon,Fairy,590,75,110,110,110,105,80,3,False
Zangoose,335,Normal,,458,73,115,60,60,60,90,3,False
Seviper,336,Poison,,458,73,100,60,100,60,65,3,False
Lunatone,337,Rock,Psychic,440,70,55,65,95,85,70,3,False
Solrock,338,Rock,Psychic,440,70,95,85,55,65,70,3,False
Barboach,339,Water,Ground,288,50,48,43,46,41,60,3,False
Whiscash,340,Water,Ground,468,110,78,73,76,71,60,3,False
Corphish,341,Water,,308,43,80,65,50,35,35,3,False
Crawdaunt,342,Water,Dark,468,63,120,85,90,55,55,3,False
Baltoy,343,Ground,Psychic,300,40,40,55,40,70,55,3,False
Claydol,344,Ground,Psychic,500,60,70,105,70,120,75,3,False
Lileep,345,Rock,Grass,355,66,41,77,61,87,23,3,False
Cradily,346,Rock,Grass,495,86,81,97,81,107,43,3,False
Anorith,347,Rock,Bug,355,45,95,50,40,50,75,3,False
Armaldo,348,Rock,Bug,495,75,125,100,70,80,45,3,False
Feebas,349,Water,,200,20,15,20,10,55,80,3,False
Milotic,350,Water,,540,95,60,79,100,125,81,3,False
Castform,351,Normal,,420,70,70,70,70,70,70,3,False
Kecleon,352,Normal,,440,60,90,70,60,120,40,3,False
Shuppet,353,Ghost,,295,44,75,35,63,33,45,3,False
Banette,354,Ghost,,455,64,115,65,83,63,65,3,False
BanetteMega Banette,354,Ghost,,555,64,165,75,93,83,75,3,False
Duskull,355,Ghost,,295,20,40,90,30,90,25,3,False
Dusclops,356,Ghost,,455,40,70,130,60,130,25,3,False
Tropius,357,Grass,Flying,460,99,68,83,72,87,51,3,False
Chimecho,358,Psychic,,425,65,50,70,95,80,65,3,False
Absol,359,Dark,,465,65,130,60,75,60,75,3,False
AbsolMega Absol,359,Dark,,565,65,150,60,115,60,115,3,False
Wynaut,360,Psychic,,260,95,23,48,23,48,23,3,False
Snorunt,361,Ice,,300,50,50,50,50,50,50,3,False
Glalie,362,Ice,,480,80,80,80,80,80,80,3,False
GlalieMega Glalie,362,Ice,,580,80,120,80,120,80,100,3,False
Spheal,363,Ice,Water,290,70,40,50,55,50,25,3,False
Sealeo,364,Ice,Water,410,90,60,70,75,70,45,3,False
Walrein,365,Ice,Water,530,110,80,90,95,90,65,3,False
Clamperl,366,Water,,345,35,64,85,74,55,32,3,False
Huntail,367,Water,,485,55,104,105,94,75,52,3,False
Gorebyss,368,Water,,485,55,84,105,114,75,52,3,False
Relicanth,369,Water,Rock,485,100,90,130,45,65,55,3,False
Luvdisc,370,Water,,330,43,30,55,40,65,97,3,False
Bagon,371,Dragon,,300,45,75,60,40,30,50,3,False
Shelgon,372,Dragon,,420,65,95,100,60,50,50,3,False
Salamence,373,Dragon,Flying,600,95,135,80,110,80,100,3,False
SalamenceMega Salamence,373,Dragon,Flying,700,95,145,130,120,90,120,3,False
Beldum,374,Steel,Psychic,300,40,55,80,35,60,30,3,False
Metang,375,Steel,Psychic,420,60,75,100,55,80,50,3,False
Metagross,376,Steel,Psychic,600,80,135,130,95,90,70,3,False
MetagrossMega Metagross,376,Steel,Psychic,700,80,145,150,105,110,110,3,False
Regirock,377,Rock,,580,80,100,200,50,100,50,3,True
Regice,378,Ice,,580,80,50,100,100,200,50,3,True
Registeel,379,Steel,,580,80,75,150,75,150,50,3,True
Latias,380,Dragon,Psychic,600,80,80,90,110,130,110,3,True
LatiasMega Latias,380,Dragon,Psychic,700,80,100,120,140,150,110,3,True
Latios,381,Dragon,Psychic,600,80,90,80,130,110,110,3,True
LatiosMega Latios,381,Dragon,Psychic,700,80,130,100,160,120,110,3,True
Kyogre,382,Water,,670,100,100,90,150,140,90,3,True
KyogrePrimal Kyogre,382,Water,,770,100,150,90,180,160,90,3,True
Groudon,383,Ground,,670,100,150,140,100,90,90,3,True
GroudonPrimal Groudon,383,Ground,Fire,770,100,180,160,150,90,90,3,True
Rayquaza,384,Dragon,Flying,680,105,150,90,150,90,95,3,True
RayquazaMega Rayquaza,384,Dragon,Flying,780,105,180,100,180,100,115,3,True
Jirachi,385,Steel,Psychic,600,100,100,100,100,100,100,3,True
DeoxysNormal Forme,386,Psychic,,600,50,150,50,150,50,150,3,True
DeoxysAttack Forme,386,Psychic,,600,50,180,20,180,20,150,3,True
DeoxysDefense Forme,386,Psychic,,600,50,70,160,70,160,90,3,True
DeoxysSpeed Forme,386,Psychic,,600,50,95,90,95,90,180,3,True
Turtwig,387,Grass,,318,55,68,64,45,55,31,4,False
Grotle,388,Grass,,405,75,89,85,55,65,36,4,False
Torterra,389,Grass,Ground,525,95,109,105,75,85,56,4,False
Chimchar,390,Fire,,309,44,58,44,58,44,61,4,False
Monferno,391,Fire,Fighting,405,64,78,52,78,52,81,4,False
Infernape,392,Fire,Fighting,534,76,104,71,104,71,108,4,False
Piplup,393,Water,,314,53,51,53,61,56,40,4,False
Prinplup,394,Water,,405,64,66,68,81,76,50,4,False
Empoleon,395,Water,Steel,530,84,86,88,111,101,60,4,False
Starly,396,Normal,Flying,245,40,55,30,30,30,60,4,False
Staravia,397,Normal,Flying,340,55,75,50,40,40,80,4,False
Staraptor,398,Normal,Flying,485,85,120,70,50,60,100,4,False
Bidoof,399,Normal,,250,59,45,40,35,40,31,4,False
Bibarel,400,Normal,Water,410,79,85,60,55,60,71,4,False
Kricketot,401,Bug,,194,37,25,41,25,41,25,4,False
Kricketune,402,Bug,,384,77,85,51,55,51,65,4,False
Shinx,403,Electric,,263,45,65,34,40,34,45,4,False
Luxio,404,Electric,,363,60,85,49,60,49,60,4,False
Luxray,405,Electric,,523,80,120,79,95,79,70,4,False
Budew,406,Grass,Poison,280,40,30,35,50,70,55,4,False
Roserade,407,Grass,Poison,515,60,70,65,125,105,90,4,False
Cranidos,408,Rock,,350,67,125,40,30,30,58,4,False
Rampardos,409,Rock,,495,97,165,60,65,50,58,4,False
Shieldon,410,Rock,Steel,350,30,42,118,42,88,30,4,False
Bastiodon,411,Rock,Steel,495,60,52,168,47,138,30,4,False
Burmy,412,Bug,,224,40,29,45,29,45,36,4,False
WormadamPlant Cloak,413,Bug,Grass,424,60,59,85,79,105,36,4,False
WormadamSandy Cloak,413,Bug,Ground,424,60,79,105,59,85,36,4,False
WormadamTrash Cloak,413,Bug,Steel,424,60,69,95,69,95,36,4,False
Mothim,414,Bug,Flying,424,70,94,50,94,50,66,4,False
Combee,415,Bug,Flying,244,30,30,42,30,42,70,4,False
Vespiquen,416,Bug,Flying,474,70,80,102,80,102,40,4,False
Pachirisu,417,Electric,,405,60,45,70,45,90,95,4,False
Buizel,418,Water,,330,55,65,35,60,30,85,4,False
Floatzel,419,Water,,495,85,105,55,85,50,115,4,False
Cherubi,420,Grass,,275,45,35,45,62,53,35,4,False
Cherrim,421,Grass,,450,70,60,70,87,78,85,4,False
Shellos,422,Water,,325,76,48,48,57,62,34,4,False
Gastrodon,423,Water,Ground,475,111,83,68,92,82,39,4,False
Ambipom,424,Normal,,482,75,100,66,60,66,115,4,False
Drifloon,425,Ghost,Flying,348,90,50,34,60,44,70,4,False
Drifblim,426,Ghost,Flying,498,150,80,44,90,54,80,4,False
Buneary,427,Normal,,350,55,66,44,44,56,85,4,False
Lopunny,428,Normal,,480,65,76,84,54,96,105,4,False
LopunnyMega Lopunny,428,Normal,Fighting,580,65,136,94,54,96,135,4,False
Mismagius,429,Ghost,,495,60,60,60,105,105,105,4,False
Honchkrow,430,Dark,Flying,505,100,125,52,105,52,71,4,False
Glameow,431,Normal,,310,49,55,42,42,37,85,4,False
Purugly,432,Normal,,452,71,82,64,64,59,112,4,False
Chingling,433,Psychic,,285,45,30,50,65,50,45,4,False
Stunky,434,Poison,Dark,329,63,63,47,41,41,74,4,False
Skuntank,435,Poison,Dark,479,103,93,67,71,61,84,4,False
Bronzor,436,Steel,Psychic,300,57,24,86,24,86,23,4,False
Bronzong,437,Steel,Psychic,500,67,89,116,79,116,33,4,False
Bonsly,438,Rock,,290,50,80,95,10,45,10,4,False
Mime Jr.,439,Psychic,Fairy,310,20,25,45,70,90,60,4,False
Happiny,440,Normal,,220,100,5,5,15,65,30,4,False
Chatot,441,Normal,Flying,411,76,65,45,92,42,91,4,False
Spiritomb,442,Ghost,Dark,485,50,92,108,92,108,35,4,False
Gible,443,Dragon,Ground,300,58,70,45,40,45,42,4,False
Gabite,444,Dragon,Ground,410,68,90,65,50,55,82,4,False
Garchomp,445,Dragon,Ground,600,108,130,95,80,85,102,4,False
GarchompMega Garchomp,445,Dragon,Ground,700,108,170,115,120,95,92,4,False
Munchlax,446,Normal,,390,135,85,40,40,85,5,4,False
Riolu,447,Fighting,,285,40,70,40,35,40,60,4,False
Lucario,448,Fighting,Steel,525,70,110,70,115,70,90,4,False
LucarioMega Lucario,448,Fighting,Steel,625,70,145,88,140,70,112,4,False
Hippopotas,449,Ground,,330,68,72,78,38,42,32,4,False
Hippowdon,450,Ground,,525,108,112,118,68,72,47,4,False
Skorupi,451,Poison,Bug,330,40,50,90,30,55,65,4,False
Drapion,452,Poison,Dark,500,70,90,110,60,75,95,4,False
Croagunk,453,Poison,Fighting,300,48,61,40,61,40,50,4,False
Toxicroak,454,Poison,Fighting,490,83,106,65,86,65,85,4,False
Carnivine,455,Grass,,454,74,100,72,90,72,46,4,False
Finneon,456,Water,,330,49,49,56,49,61,66,4,False
Lumineon,457,Water,,460,69,69,76,69,86,91,4,False
Mantyke,458,Water,Flying,345,45,20,50,60,120,50,4,False
Snover,459,Grass,Ice,334,60,62,50,62,60,40,4,False
Abomasnow,460,Grass,Ice,494,90,92,75,92,85,60,4,False
AbomasnowMega Abomasnow,460,Grass,Ice,594,90,132,105,132,105,30,4,False
Weavile,461,Dark,Ice,510,70,120,65,45,85,125,4,False
Magnezone,462,Electric,Steel,535,70,70,115,130,90,60,4,False
Lickilicky,463,Normal,,515,110,85,95,80,95,50,4,False
Rhyperior,464,Ground,Rock,535,115,140,130,55,55,40,4,False
Tangrowth,465,Grass,,535,100,100,125,110,50,50,4,False
Electivire,466,Electric,,540,75,123,67,95,85,95,4,False
Magmortar,467,Fire,,540,75,95,67,125,95,83,4,False
Togekiss,468,Fairy,Flying,545,85,50,95,120,115,80,4,False
Yanmega,469,Bug,Flying,515,86,76,86,116,56,95,4,False
Leafeon,470,Grass,,525,65,110,130,60,65,95,4,False
Glaceon,471,Ice,,525,65,60,110,130,95,65,4,False
Gliscor,472,Ground,Flying,510,75,95,125,45,75,95,4,False
Mamoswine,473,Ice,Ground,530,110,130,80,70,60,80,4,False
Porygon-Z,474,Normal,,535,85,80,70,135,75,90,4,False
Gallade,475,Psychic,Fighting,518,68,125,65,65,115,80,4,False
GalladeMega Gallade,475,Psychic,Fighting,618,68,165,95,65,115,110,4,False
Probopass,476,Rock,Steel,525,60,55,145,75,150,40,4,False
Dusknoir,477,Ghost,,525,45,100,135,65,135,45,4,False
Froslass,478,Ice,Ghost,480,70,80,70,80,70,110,4,False
Rotom,479,Electric,Ghost,440,50,50,77,95,77,91,4,False
RotomHeat Rotom,479,Electric,Fire,520,50,65,107,105,107,86,4,False
RotomWash Rotom,479,Electric,Water,520,50,65,107,105,107,86,4,False
RotomFrost Rotom,479,Electric,Ice,520,50,65,107,105,107,86,4,False
RotomFan Rotom,479,Electric,Flying,520,50,65,107,105,107,86,4,False
RotomMow Rotom,479,Electric,Grass,520,50,65,107,105,107,86,4,False
Uxie,480,Psychic,,580,75,75,130,75,130,95,4,True
Mesprit,481,Psychic,,580,80,105,105,105,105,80,4,True
Azelf,482,Psychic,,580,75,125,70,125,70,115,4,True
Dialga,483,Steel,Dragon,680,100,120,120,150,100,90,4,True
Palkia,484,Water,Dragon,680,90,120,100,150,120,100,4,True
Heatran,485,Fire,Steel,600,91,90,106,130,106,77,4,True
Regigigas,486,Normal,,670,110,160,110,80,110,100,4,True
GiratinaAltered Forme,487,Ghost,Dragon,680,150,100,120,100,120,90,4,True
GiratinaOrigin Forme,487,Ghost,Dragon,680,150,120,100,120,100,90,4,True
Cresselia,488,Psychic,,600,120,70,120,75,130,85,4,False
Phione,489,Water,,480,80,80,80,80,80,80,4,False
Manaphy,490,Water,,600,100,100,100,100,100,100,4,False
Darkrai,491,Dark,,600,70,90,90,135,90,125,4,True
ShayminLand Forme,492,Grass,,600,100,100,100,100,100,100,4,True
ShayminSky Forme,492,Grass,Flying,600,100,103,75,120,75,127,4,True
Arceus,493,Normal,,720,120,120,120,120,120,120,4,True
Victini,494,Psychic,Fire,600,100,100,100,100,100,100,5,True
Snivy,495,Grass,,308,45,45,55,45,55,63,5,False
Servine,496,Grass,,413,60,60,75,60,75,83,5,False
Serperior,497,Grass,,528,75,75,95,75,95,113,5,False
Tepig,498,Fire,,308,65,63,45,45,45,45,5,False
Pignite,499,Fire,Fighting,418,90,93,55,70,55,55,5,False
Emboar,500,Fire,Fighting,528,110,123,65,100,65,65,5,False
Oshawott,501,Water,,308,55,55,45,63,45,45,5,False
Dewott,502,Water,,413,75,75,60,83,60,60,5,False
Samurott,503,Water,,528,95,100,85,108,70,70,5,False
Patrat,504,Normal,,255,45,55,39,35,39,42,5,False
Watchog,505,Normal,,420,60,85,69,60,69,77,5,False
Lillipup,506,Normal,,275,45,60,45,25,45,55,5,False
Herdier,507,Normal,,370,65,80,65,35,65,60,5,False
Stoutland,508,Normal,,500,85,110,90,45,90,80,5,False
Purrloin,509,Dark,,281,41,50,37,50,37,66,5,False
Liepard,510,Dark,,446,64,88,50,88,50,106,5,False
Pansage,511,Grass,,316,50,53,48,53,48,64,5,False
Simisage,512,Grass,,498,75,98,63,98,63,101,5,False
Pansear,513,Fire,,316,50,53,48,53,48,64,5,False
Simisear,514,Fire,,498,75,98,63,98,63,101,5,False
Panpour,515,Water,,316,50,53,48,53,48,64,5,False
Simipour,516,Water,,498,75,98,63,98,63,101,5,False
Munna,517,Psychic,,292,76,25,45,67,55,24,5,False
Musharna,518,Psychic,,487,116,55,85,107,95,29,5,False
Pidove,519,Normal,Flying,264,50,55,50,36,30,43,5,False
Tranquill,520,Normal,Flying,358,62,77,62,50,42,65,5,False
Unfezant,521,Normal,Flying,488,80,115,80,65,55,93,5,False
Blitzle,522,Electric,,295,45,60,32,50,32,76,5,False
Zebstrika,523,Electric,,497,75,100,63,80,63,116,5,False
Roggenrola,524,Rock,,280,55,75,85,25,25,15,5,False
Boldore,525,Rock,,390,70,105,105,50,40,20,5,False
Gigalith,526,Rock,,515,85,135,130,60,80,25,5,False
Woobat,527,Psychic,Flying,313,55,45,43,55,43,72,5,False
Swoobat,528,Psychic,Flying,425,67,57,55,77,55,114,5,False
Drilbur,529,Ground,,328,60,85,40,30,45,68,5,False
Excadrill,530,Ground,Steel,508,110,135,60,50,65,88,5,False
Audino,531,Normal,,445,103,60,86,60,86,50,5,False
AudinoMega Audino,531,Normal,Fairy,545,103,60,126,80,126,50,5,False
Timburr,532,Fighting,,305,75,80,55,25,35,35,5,False
Gurdurr,533,Fighting,,405,85,105,85,40,50,40,5,False
Conkeldurr,534,Fighting,,505,105,140,95,55,65,45,5,False
Tympole,535,Water,,294,50,50,40,50,40,64,5,False
Palpitoad,536,Water,Ground,384,75,65,55,65,55,69,5,False
Seismitoad,537,Water,Ground,509,105,95,75,85,75,74,5,False
Throh,538,Fighting,,465,120,100,85,30,85,45,5,False
Sawk,539,Fighting,,465,75,125,75,30,75,85,5,False
Sewaddle,540,Bug,Grass,310,45,53,70,40,60,42,5,False
Swadloon,541,Bug,Grass,380,55,63,90,50,80,42,5,False
Leavanny,542,Bug,Grass,500,75,103,80,70,80,92,5,False
Venipede,543,Bug,Poison,260,30,45,59,30,39,57,5,False
Whirlipede,544,Bug,Poison,360,40,55,99,40,79,47,5,False
Scolipede,545,Bug,Poison,485,60,100,89,55,69,112,5,False
Cottonee,546,Grass,Fairy,280,40,27,60,37,50,66,5,False
Whimsicott,547,Grass,Fairy,480,60,67,85,77,75,116,5,False
Petilil,548,Grass,,280,45,35,50,70,50,30,5,False
Lilligant,549,Grass,,480,70,60,75,110,75,90,5,False
Basculin,550,Water,,460,70,92,65,80,55,98,5,False
Sandile,551,Ground,Dark,292,50,72,35,35,35,65,5,False
Krokorok,552,Ground,Dark,351,60,82,45,45,45,74,5,False
Krookodile,553,Ground,Dark,519,95,117,80,65,70,92,5,False
Darumaka,554,Fire,,315,70,90,45,15,45,50,5,False
DarmanitanStandard Mode,555,Fire,,480,105,140,55,30,55,95,5,False
DarmanitanZen Mode,555,Fire,Psychic,540,105,30,105,140,105,55,5,False
Maractus,556,Grass,,461,75,86,67,106,67,60,5,False
Dwebble,557,Bug,Rock,325,50,65,85,35,35,55,5,False
Crustle,558,Bug,Rock,475,70,95,125,65,75,45,5,False
Scraggy,559,Dark,Fighting,348,50,75,70,35,70,48,5,False
Scrafty,560,Dark,Fighting,488,65,90,115,45,115,58,5,False
Sigilyph,561,Psychic,Flying,490,72,58,80,103,80,97,5,False
Yamask,562,Ghost,,303,38,30,85,55,65,30,5,False
Cofagrigus,563,Ghost,,483,58,50,145,95,105,30,5,False
Tirtouga,564,Water,Rock,355,54,78,103,53,45,22,5,False
Carracosta,565,Water,Rock,495,74,108,133,83,65,32,5,False
Archen,566,Rock,Flying,401,55,112,45,74,45,70,5,False
Archeops,567,Rock,Flying,567,75,140,65,112,65,110,5,False
Trubbish,568,Poison,,329,50,50,62,40,62,65,5,False
Garbodor,569,Poison,,474,80,95,82,60,82,75,5,False
Zorua,570,Dark,,330,40,65,40,80,40,65,5,False
Zoroark,571,Dark,,510,60,105,60,120,60,105,5,False
Minccino,572,Normal,,300,55,50,40,40,40,75,5,False
Cinccino,573,Normal,,470,75,95,60,65,60,115,5,False
Gothita,574,Psychic,,290,45,30,50,55,65,45,5,False
Gothorita,575,Psychic,,390,60,45,70,75,85,55,5,False
Gothitelle,576,Psychic,,490,70,55,95,95,110,65,5,False
Solosis,577,Psychic,,290,45,30,40,105,50,20,5,False
Duosion,578,Psychic,,370,65,40,50,125,60,30,5,False
Reuniclus,579,Psychic,,490,110,65,75,125,85,30,5,False
Ducklett,580,Water,Flying,305,62,44,50,44,50,55,5,False
Swanna,581,Water,Flying,473,75,87,63,87,63,98,5,False
Vanillite,582,Ice,,305,36,50,50,65,60,44,5,False
Vanillish,583,Ice,,395,51,65,65,80,75,59,5,False
Vanilluxe,584,Ice,,535,71,95,85,110,95,79,5,False
Deerling,585,Normal,Grass,335,60,60,50,40,50,75,5,False
Sawsbuck,586,Normal,Grass,475,80,100,70,60,70,95,5,False
Emolga,587,Electric,Flying,428,55,75,60,75,60,103,5,False
Karrablast,588,Bug,,315,50,75,45,40,45,60,5,False
Escavalier,589,Bug,Steel,495,70,135,105,60,105,20,5,False
Foongus,590,Grass,Poison,294,69,55,45,55,55,15,5,False
Amoonguss,591,Grass,Poison,464,114,85,70,85,80,30,5,False
Frillish,592,Water,Ghost,335,55,40,50,65,85,40,5,False
Jellicent,593,Water,Ghost,480,100,60,70,85,105,60,5,False
Alomomola,594,Water,,470,165,75,80,40,45,65,5,False
Joltik,595,Bug,Electric,319,50,47,50,57,50,65,5,False
Galvantula,596,Bug,Electric,472,70,77,60,97,60,108,5,False
Ferroseed,597,Grass,Steel,305,44,50,91,24,86,10,5,False
Ferrothorn,598,Grass,Steel,489,74,94,131,54,116,20,5,False
Klink,599,Steel,,300,40,55,70,45,60,30,5,False
Klang,600,Steel,,440,60,80,95,70,85,50,5,False
Klinklang,601,Steel,,520,60,100,115,70,85,90,5,False
Tynamo,602,Electric,,275,35,55,40,45,40,60,5,False
Eelektrik,603,Electric,,405,65,85,70,75,70,40,5,False
Eelektross,604,Electric,,515,85,115,80,105,80,50,5,False
Elgyem,605,Psychic,,335,55,55,55,85,55,30,5,False
Beheeyem,606,Psychic,,485,75,75,75,125,95,40,5,False
Litwick,607,Ghost,Fire,275,50,30,55,65,55,20,5,False
Lampent,608,Ghost,Fire,370,60,40,60,95,60,55,5,False
Chandelure,609,Ghost,Fire,520,60,55,90,145,90,80,5,False
Axew,610,Dragon,,320,46,87,60,30,40,57,5,False
Fraxure,611,Dragon,,410,66,117,70,40,50,67,5,False
Haxorus,612,Dragon,,540,76,147,90,60,70,97,5,False
Cubchoo,613,Ice,,305,55,70,40,60,40,40,5,False
Beartic,614,Ice,,485,95,110,80,70,80,50,5,False
Cryogonal,615,Ice,,485,70,50,30,95,135,105,5,False
Shelmet,616,Bug,,305,50,40,85,40,65,25,5,False
Accelgor,617,Bug,,495,80,70,40,100,60,145,5,False
Stunfisk,618,Ground,Electric,471,109,66,84,81,99,32,5,False
Mienfoo,619,Fighting,,350,45,85,50,55,50,65,5,False
Mienshao,620,Fighting,,510,65,125,60,95,60,105,5,False
Druddigon,621,Dragon,,485,77,120,90,60,90,48,5,False
Golett,622,Ground,Ghost,303,59,74,50,35,50,35,5,False
Golurk,623,Ground,Ghost,483,89,124,80,55,80,55,5,False
Pawniard,624,Dark,Steel,340,45,85,70,40,40,60,5,False
Bisharp,625,Dark,Steel,490,65,125,100,60,70,70,5,False
Bouffalant,626,Normal,,490,95,110,95,40,95,55,5,False
Rufflet,627,Normal,Flying,350,70,83,50,37,50,60,5,False
Braviary,628,Normal,Flying,510,100,123,75,57,75,80,5,False
Vullaby,629,Dark,Flying,370,70,55,75,45,65,60,5,False
Mandibuzz,630,Dark,Flying,510,110,65,105,55,95,80,5,False
Heatmor,631,Fire,,484,85,97,66,105,66,65,5,False
Durant,632,Bug,Steel,484,58,109,112,48,48,109,5,False
Deino,633,Dark,Dragon,300,52,65,50,45,50,38,5,False
Zweilous,634,Dark,Dragon,420,72,85,70,65,70,58,5,False
Hydreigon,635,Dark,Dragon,600,92,105,90,125,90,98,5,False
Larvesta,636,Bug,Fire,360,55,85,55,50,55,60,5,False
Volcarona,637,Bug,Fire,550,85,60,65,135,105,100,5,False
Cobalion,638,Steel,Fighting,580,91,90,129,90,72,108,5,True
Terrakion,639,Rock,Fighting,580,91,129,90,72,90,108,5,True
Virizion,640,Grass,Fighting,580,91,90,72,90,129,108,5,True
TornadusIncarnate Forme,641,Flying,,580,79,115,70,125,80,111,5,True
TornadusTherian Forme,641,Flying,,580,79,100,80,110,90,121,5,True
ThundurusIncarnate Forme,642,Electric,Flying,580,79,115,70,125,80,111,5,True
ThundurusTherian Forme,642,Electric,Flying,580,79,105,70,145,80,101,5,True
Reshiram,643,Dragon,Fire,680,100,120,100,150,120,90,5,True
Zekrom,644,Dragon,Electric,680,100,150,120,120,100,90,5,True
LandorusIncarnate Forme,645,Ground,Flying,600,89,125,90,115,80,101,5,True
LandorusTherian Forme,645,Ground,Flying,600,89,145,90,105,80,91,5,True
Kyurem,646,Dragon,Ice,660,125,130,90,130,90,95,5,True
KyuremBlack Kyurem,646,Dragon,Ice,700,125,170,100,120,90,95,5,True
KyuremWhite Kyurem,646,Dragon,Ice,700,125,120,90,170,100,95,5,True
KeldeoOrdinary Forme,647,Water,Fighting,580,91,72,90,129,90,108,5,False
KeldeoResolute Forme,647,Water,Fighting,580,91,72,90,129,90,108,5,False
MeloettaAria Forme,648,Normal,Psychic,600,100,77,77,128,128,90,5,False
MeloettaPirouette Forme,648,Normal,Fighting,600,100,128,90,77,77,128,5,False
Genesect,649,Bug,Steel,600,71,120,95,120,95,99,5,False
Chespin,650,Grass,,313,56,61,65,48,45,38,6,False
Quilladin,651,Grass,,405,61,78,95,56,58,57,6,False
Chesnaught,652,Grass,Fighting,530,88,107,122,74,75,64,6,False
Fennekin,653,Fire,,307,40,45,40,62,60,60,6,False
Braixen,654,Fire,,409,59,59,58,90,70,73,6,False
Delphox,655,Fire,Psychic,534,75,69,72,114,100,104,6,False
Froakie,656,Water,,314,41,56,40,62,44,71,6,False
Frogadier,657,Water,,405,54,63,52,83,56,97,6,False
Greninja,658,Water,Dark,530,72,95,67,103,71,122,6,False
Bunnelby,659,Normal,,237,38,36,38,32,36,57,6,False
Diggersby,660,Normal,Ground,423,85,56,77,50,77,78,6,False
Fletchling,661,Normal,Flying,278,45,50,43,40,38,62,6,False
Fletchinder,662,Fire,Flying,382,62,73,55,56,52,84,6,False
Talonflame,663,Fire,Flying,499,78,81,71,74,69,126,6,False
Scatterbug,664,Bug,,200,38,35,40,27,25,35,6,False
Spewpa,665,Bug,,213,45,22,60,27,30,29,6,False
Vivillon,666,Bug,Flying,411,80,52,50,90,50,89,6,False
Litleo,667,Fire,Normal,369,62,50,58,73,54,72,6,False
Pyroar,668,Fire,Normal,507,86,68,72,109,66,106,6,False
Flabébé,669,Fairy,,303,44,38,39,61,79,42,6,False
Floette,670,Fairy,,371,54,45,47,75,98,52,6,False
Florges,671,Fairy,,552,78,65,68,112,154,75,6,False
Skiddo,672,Grass,,350,66,65,48,62,57,52,6,False
Gogoat,673,Grass,,531,123,100,62,97,81,68,6,False
Pancham,674,Fighting,,348,67,82,62,46,48,43,6,False
Pangoro,675,Fighting,Dark,495,95,124,78,69,71,58,6,False
Furfrou,676,Normal,,472,75,80,60,65,90,102,6,False
Espurr,677,Psychic,,355,62,48,54,63,60,68,6,False
MeowsticMale,678,Psychic,,466,74,48,76,83,81,104,6,False
MeowsticFemale,678,Psychic,,466,74,48,76,83,81,104,6,False
Honedge,679,Steel,Ghost,325,45,80,100,35,37,28,6,False
Doublade,680,Steel,Ghost,448,59,110,150,45,49,35,6,False
AegislashBlade Forme,681,Steel,Ghost,520,60,150,50,150,50,60,6,False
AegislashShield Forme,681,Steel,Ghost,520,60,50,150,50,150,60,6,False
Spritzee,682,Fairy,,341,78,52,60,63,65,23,6,False
Aromatisse,683,Fairy,,462,101,72,72,99,89,29,6,False
Swirlix,684,Fairy,,341,62,48,66,59,57,49,6,False
Slurpuff,685,Fairy,,480,82,80,86,85,75,72,6,False
Inkay,686,Dark,Psychic,288,53,54,53,37,46,45,6,False
Malamar,687,Dark,Psychic,482,86,92,88,68,75,73,6,False
Binacle,688,Rock,Water,306,42,52,67,39,56,50,6,False
Barbaracle,689,Rock,Water,500,72,105,115,54,86,68,6,False
Skrelp,690,Poison,Water,320,50,60,60,60,60,30,6,False
Dragalge,691,Poison,Dragon,494,65,75,90,97,123,44,6,False
Clauncher,692,Water,,330,50,53,62,58,63,44,6,False
Clawitzer,693,Water,,500,71,73,88,120,89,59,6,False
Helioptile,694,Electric,Normal,289,44,38,33,61,43,70,6,False
Heliolisk,695,Electric,Normal,481,62,55,52,109,94,109,6,False
Tyrunt,696,Rock,Dragon,362,58,89,77,45,45,48,6,False
Tyrantrum,697,Rock,Dragon,521,82,121,119,69,59,71,6,False
Amaura,698,Rock,Ice,362,77,59,50,67,63,46,6,False
Aurorus,699,Rock,Ice,521,123,77,72,99,92,58,6,False
Sylveon,700,Fairy,,525,95,65,65,110,130,60,6,False
Hawlucha,701,Fighting,Flying,500,78,92,75,74,63,118,6,False
Dedenne,702,Electric,Fairy,431,67,58,57,81,67,101,6,False
Carbink,703,Rock,Fairy,500,50,50,150,50,150,50,6,False
Goomy,704,Dragon,,300,45,50,35,55,75,40,6,False
Sliggoo,705,Dragon,,452,68,75,53,83,113,60,6,False
Goodra,706,Dragon,,600,90,100,70,110,150,80,6,False
Klefki,707,Steel,Fairy,470,57,80,91,80,87,75,6,False
Phantump,708,Ghost,Grass,309,43,70,48,50,60,38,6,False
Trevenant,709,Ghost,Grass,474,85,110,76,65,82,56,6,False
PumpkabooAverage Size,710,Ghost,Grass,335,49,66,70,44,55,51,6,False
PumpkabooSmall Size,710,Ghost,Grass,335,44,66,70,44,55,56,6,False
PumpkabooLarge Size,710,Ghost,Grass,335,54,66,70,44,55,46,6,False
PumpkabooSuper Size,710,Ghost,Grass,335,59,66,70,44,55,41,6,False
GourgeistAverage Size,711,Ghost,Grass,494,65,90,122,58,75,84,6,False
GourgeistSmall Size,711,Ghost,Grass,494,55,85,122,58,75,99,6,False
GourgeistLarge Size,711,Ghost,Grass,494,75,95,122,58,75,69,6,False
GourgeistSuper Size,711,Ghost,Grass,494,85,100,122,58,75,54,6,False
Bergmite,712,Ice,,304,55,69,85,32,35,28,6,False
Avalugg,713,Ice,,514,95,117,184,44,46,28,6,False
Noibat,714,Flying,Dragon,245,40,30,35,45,40,55,6,False
Noivern,715,Flying,Dragon,535,85,70,80,97,80,123,6,False
Xerneas,716,Fairy,,680,126,131,95,131,98,99,6,True
Yveltal,717,Dark,Flying,680,126,131,95,131,98,99,6,True
Zygarde50% Forme,718,Dragon,Ground,600,108,100,121,81,95,95,6,True
Diancie,719,Rock,Fairy,600,50,100,150,100,150,50,6,True
DiancieMega Diancie,719,Rock,Fairy,700,50,160,110,160,110,110,6,True
HoopaHoopa Confined,720,Psychic,Ghost,600,80,110,60,150,130,70,6,True
HoopaHoopa Unbound,720,Psychic,Dark,680,80,160,60,170,130,80,6,True
Volcanion,721,Fire,Water,600,80,110,120,130,90,70,6,True
